"workoutActivityType","duration","durationUnit","sourceName","sourceVersion","creationDate","startDate","endDate"
"HKWorkoutActivityTypeWalking","25.23856154878934","min","Andres’s Apple Watch","7.6","2021-07-23 18:41:44 -0600","2021-07-23 18:16:29 -0600","2021-07-23 18:41:43 -0600"
"HKWorkoutActivityTypeWalking","11.22613891561826","min","Andres’s Apple Watch","7.6","2021-07-23 18:53:23 -0600","2021-07-23 18:42:08 -0600","2021-07-23 18:53:22 -0600"
"HKWorkoutActivityTypeWalking","8.524196716149648","min","Andres’s Apple Watch","7.6.1","2021-08-06 19:42:11 -0600","2021-08-06 19:33:39 -0600","2021-08-06 19:42:11 -0600"
"HKWorkoutActivityTypeWalking","18.55032054781914","min","Andres’s Apple Watch","7.6.1","2021-09-02 18:44:12 -0600","2021-09-02 18:23:12 -0600","2021-09-02 18:44:11 -0600"
"HKWorkoutActivityTypeWalking","10.65962581833204","min","Andres’s Apple Watch","7.6.1","2021-09-02 18:54:55 -0600","2021-09-02 18:44:11 -0600","2021-09-02 18:54:54 -0600"
"HKWorkoutActivityTypeElliptical","3.318930053710937","min","Andres’s Apple Watch","7.6.2","2021-11-10 08:05:27 -0600","2021-11-10 00:34:16 -0600","2021-11-10 08:05:26 -0600"
"HKWorkoutActivityTypeWalking","35.46927399436633","min","Andres’s Apple Watch","8.4.2","2022-03-02 12:36:38 -0600","2022-03-02 12:01:09 -0600","2022-03-02 12:36:38 -0600"
"HKWorkoutActivityTypeRunning","18.34596369862556","min","Andres’s Apple Watch","8.6","2022-06-03 07:53:40 -0600","2022-06-02 18:19:57 -0600","2022-06-03 07:53:39 -0600"
"HKWorkoutActivityTypeCycling","8.027868457635243","min","Andres’s Apple Watch","8.6","2022-06-28 13:07:07 -0600","2022-06-28 12:59:04 -0600","2022-06-28 13:07:06 -0600"
"HKWorkoutActivityTypeCycling","10.93829260071119","min","Andres’s Apple Watch","8.7","2022-08-19 18:37:58 -0600","2022-08-19 18:27:01 -0600","2022-08-19 18:37:57 -0600"
"HKWorkoutActivityTypeWalking","33.7211492796739","min","Andres’s Apple Watch","8.7","2022-08-22 08:08:00 -0600","2022-08-22 07:34:15 -0600","2022-08-22 08:07:58 -0600"
"HKWorkoutActivityTypeCycling","4.480466099580129","min","Andres’s Apple Watch","8.7","2022-08-24 07:59:38 -0600","2022-08-24 07:55:08 -0600","2022-08-24 07:59:37 -0600"
"HKWorkoutActivityTypeCycling","13.84534622033437","min","Andres’s Apple Watch","8.7","2022-08-26 07:55:59 -0600","2022-08-26 07:42:08 -0600","2022-08-26 07:55:58 -0600"
"HKWorkoutActivityTypeCycling","3.291823307673136","min","Andres’s Apple Watch","8.7","2022-08-29 08:01:01 -0600","2022-08-29 07:57:43 -0600","2022-08-29 08:01:00 -0600"
"HKWorkoutActivityTypeRunning","3.161398698886236","min","Andres’s Apple Watch","8.7","2022-09-04 09:34:55 -0600","2022-09-04 09:31:45 -0600","2022-09-04 09:34:55 -0600"
"HKWorkoutActivityTypeCycling","12.61305965383847","min","Andres’s Apple Watch","8.7","2022-09-09 07:56:22 -0600","2022-09-09 07:43:45 -0600","2022-09-09 07:56:22 -0600"
"HKWorkoutActivityTypeCycling","15.39068247675896","min","Andres’s Apple Watch","8.7","2022-09-12 07:57:57 -0600","2022-09-12 07:42:33 -0600","2022-09-12 07:57:56 -0600"
"HKWorkoutActivityTypeCycling","35.77155603369077","min","Andres’s Apple Watch","8.7","2022-09-13 08:24:31 -0600","2022-09-13 07:48:44 -0600","2022-09-13 08:24:31 -0600"
"HKWorkoutActivityTypeCycling","15.50773781736692","min","Andres’s Apple Watch","8.7","2022-09-14 08:02:49 -0600","2022-09-14 07:47:19 -0600","2022-09-14 08:02:49 -0600"
"HKWorkoutActivityTypeCycling","17.24018688996633","min","Andres’s Apple Watch","8.7","2022-09-15 08:00:54 -0600","2022-09-15 07:43:39 -0600","2022-09-15 08:00:53 -0600"
"HKWorkoutActivityTypeWalking","18.98317971229553","min","Andres’s Apple Watch","8.7","2022-09-15 18:01:45 -0600","2022-09-15 17:42:44 -0600","2022-09-15 18:01:43 -0600"
"HKWorkoutActivityTypeCycling","11.66153704325358","min","Andres’s Apple Watch","8.7","2022-09-16 07:58:44 -0600","2022-09-16 07:47:04 -0600","2022-09-16 07:58:44 -0600"
"HKWorkoutActivityTypeCycling","11.06408618489901","min","Andres’s Apple Watch","8.7","2022-09-16 18:00:28 -0600","2022-09-16 13:56:49 -0600","2022-09-16 18:00:27 -0600"
"HKWorkoutActivityTypeCycling","14.24800644318263","min","Andres’s Apple Watch","8.7","2022-09-20 07:51:52 -0600","2022-09-20 07:37:36 -0600","2022-09-20 07:51:51 -0600"
"HKWorkoutActivityTypeCycling","16.86792714595795","min","Andres’s Apple Watch","8.7","2022-09-21 08:02:35 -0600","2022-09-21 07:45:42 -0600","2022-09-21 08:02:34 -0600"
"HKWorkoutActivityTypeCycling","11.20634209712346","min","Andres’s Apple Watch","8.7","2022-09-22 07:58:55 -0600","2022-09-22 07:47:43 -0600","2022-09-22 07:58:55 -0600"
"HKWorkoutActivityTypeWalking","25.42343631784121","min","Andres’s Apple Watch","8.7","2022-09-25 17:43:49 -0600","2022-09-25 17:18:23 -0600","2022-09-25 17:43:48 -0600"
"HKWorkoutActivityTypeCycling","13.21440346638362","min","Andres’s Apple Watch","8.7","2022-09-26 09:37:22 -0600","2022-09-26 09:11:10 -0600","2022-09-26 09:37:21 -0600"
"HKWorkoutActivityTypeCycling","8.900026166439057","min","Andres’s Apple Watch","8.7","2022-09-26 10:02:54 -0600","2022-09-26 09:54:00 -0600","2022-09-26 10:02:54 -0600"
"HKWorkoutActivityTypeCycling","9.717945780356725","min","Andres’s Apple Watch","8.7","2022-09-27 08:15:19 -0600","2022-09-27 08:05:35 -0600","2022-09-27 08:15:19 -0600"
"HKWorkoutActivityTypeCycling","19.89667010307312","min","Andres’s Apple Watch","8.7","2022-09-28 08:03:32 -0600","2022-09-28 07:43:34 -0600","2022-09-28 08:03:32 -0600"
"HKWorkoutActivityTypeCycling","9.662165419260662","min","Andres’s Apple Watch","8.7","2022-09-30 08:03:17 -0600","2022-09-30 07:53:37 -0600","2022-09-30 08:03:17 -0600"
"HKWorkoutActivityTypeWalking","5.39745711684227","min","Andres’s Apple Watch","8.7","2022-10-03 05:22:07 -0600","2022-10-02 15:20:21 -0600","2022-10-03 05:22:06 -0600"
"HKWorkoutActivityTypeCycling","11.96259452700615","min","Andres’s Apple Watch","8.7","2022-10-03 07:59:46 -0600","2022-10-03 07:47:48 -0600","2022-10-03 07:59:46 -0600"
"HKWorkoutActivityTypeCycling","26.62397300203641","min","Andres’s Apple Watch","8.7","2022-10-11 08:07:37 -0600","2022-10-11 07:40:59 -0600","2022-10-11 08:07:36 -0600"
"HKWorkoutActivityTypeCycling","6.121970717112223","min","Andres’s Apple Watch","8.7","2022-10-13 08:00:28 -0600","2022-10-13 07:54:21 -0600","2022-10-13 08:00:28 -0600"
"HKWorkoutActivityTypeCycling","15.11229242682457","min","Andres’s Apple Watch","8.7","2022-10-14 08:00:42 -0600","2022-10-14 07:45:35 -0600","2022-10-14 08:00:42 -0600"
"HKWorkoutActivityTypeCycling","12.91026526888212","min","Andres’s Apple Watch","8.7","2022-10-21 08:01:26 -0600","2022-10-21 07:48:31 -0600","2022-10-21 08:01:25 -0600"
"HKWorkoutActivityTypeWalking","28.37657020886739","min","Andres’s Apple Watch","8.7","2022-10-26 08:24:14 -0600","2022-10-26 07:55:47 -0600","2022-10-26 08:24:14 -0600"
"HKWorkoutActivityTypeCycling","13.80953841805458","min","Andres’s Apple Watch","8.7","2022-10-28 07:55:20 -0600","2022-10-28 07:41:31 -0600","2022-10-28 07:55:19 -0600"
"HKWorkoutActivityTypeRunning","2.59190266529719","min","Andres’s Apple Watch","8.7","2022-10-29 16:31:58 -0600","2022-10-29 16:29:22 -0600","2022-10-29 16:31:58 -0600"
"HKWorkoutActivityTypeWalking","10.11412162979444","min","Andres’s Apple Watch","8.7","2022-11-03 08:03:00 -0600","2022-11-03 07:52:52 -0600","2022-11-03 08:02:59 -0600"
"HKWorkoutActivityTypeRunning","11.52861834963163","min","Andres’s Apple Watch","8.7","2022-11-16 08:04:01 -0600","2022-11-16 07:52:29 -0600","2022-11-16 08:04:01 -0600"
"HKWorkoutActivityTypeRunning","56.06416323383649","min","Andres’s Apple Watch","8.7","2022-11-25 17:48:52 -0600","2022-11-25 16:52:41 -0600","2022-11-25 17:48:51 -0600"
"HKWorkoutActivityTypeFunctionalStrengthTraining","1","min","Fitbod","650","2022-11-27 08:14:44 -0600","2022-11-26 10:09:00 -0600","2022-11-26 10:10:00 -0600"
"HKWorkoutActivityTypeFunctionalStrengthTraining","4.783333333333333","min","Fitbod","650","2022-11-26 10:32:36 -0600","2022-11-26 10:27:43 -0600","2022-11-26 10:32:35 -0600"
"HKWorkoutActivityTypeWalking","26.14985979795456","min","Andres’s Apple Watch","8.7","2022-11-26 13:13:22 -0600","2022-11-26 10:00:11 -0600","2022-11-26 13:13:22 -0600"
"HKWorkoutActivityTypeRunning","31.32808918356896","min","Andres’s Apple Watch","9.1","2022-12-03 19:52:00 -0600","2022-12-03 19:16:34 -0600","2022-12-03 19:51:56 -0600"
"HKWorkoutActivityTypeRunning","18.76406963467598","min","Andres’s Apple Watch","9.1","2022-12-06 07:44:16 -0600","2022-12-06 07:15:02 -0600","2022-12-06 07:33:47 -0600"
"HKWorkoutActivityTypeElliptical","5.959159165620804","min","Andres’s Apple Watch","9.2","2022-12-24 16:00:19 -0600","2022-12-24 15:54:21 -0600","2022-12-24 16:00:18 -0600"
"HKWorkoutActivityTypeWalking","37.30604311227798","min","Andres’s Apple Watch","9.3.1","2023-03-16 16:33:17 -0600","2023-03-16 15:55:55 -0600","2023-03-16 16:33:14 -0600"
"HKWorkoutActivityTypeCycling","10.4799297273159","min","Andres’s Apple Watch","9.3.1","2023-04-20 08:01:08 -0600","2023-04-20 07:50:38 -0600","2023-04-20 08:01:07 -0600"
"HKWorkoutActivityTypeWalking","9.323432266712189","min","Andres’s Apple Watch","9.5.1","2023-06-20 07:55:41 -0600","2023-06-20 07:46:21 -0600","2023-06-20 07:55:41 -0600"
"HKWorkoutActivityTypeWalking","9.721062032381694","min","Andres’s Apple Watch","9.5.2","2023-07-24 13:33:16 -0600","2023-07-24 13:23:32 -0600","2023-07-24 13:33:15 -0600"
"HKWorkoutActivityTypeRunning","1.734930300712585","min","Andres’s Apple Watch","9.6","2023-07-28 17:46:46 -0600","2023-07-28 17:45:01 -0600","2023-07-28 17:46:45 -0600"
"HKWorkoutActivityTypeWalking","6.213584132989248","min","Andres’s Apple Watch","9.6","2023-07-30 09:26:05 -0600","2023-07-30 09:19:52 -0600","2023-07-30 09:26:04 -0600"
"HKWorkoutActivityTypeWalking","17.02631201346715","min","Andres’s Apple Watch","9.6","2023-08-03 08:14:02 -0600","2023-08-03 07:57:00 -0600","2023-08-03 08:14:02 -0600"
"HKWorkoutActivityTypeWalking","41.04083467721939","min","Andres’s Apple Watch","9.6","2023-08-04 16:18:11 -0600","2023-08-04 15:37:06 -0600","2023-08-04 16:18:08 -0600"
"HKWorkoutActivityTypeWalking","38.05091169873874","min","Andres’s Apple Watch","9.6","2023-08-04 18:10:02 -0600","2023-08-04 17:05:30 -0600","2023-08-04 17:43:33 -0600"
"HKWorkoutActivityTypeWalking","4.06886328458786","min","Andres’s Apple Watch","9.6","2023-08-06 09:44:13 -0600","2023-08-06 09:40:08 -0600","2023-08-06 09:44:12 -0600"
"HKWorkoutActivityTypeWalking","17.19107324083646","min","Andres’s Apple Watch","9.6","2023-08-14 13:36:28 -0600","2023-08-14 13:19:14 -0600","2023-08-14 13:36:26 -0600"
"HKWorkoutActivityTypeWalking","5.222220398982366","min","Andres’s Apple Watch","9.6.1","2023-08-19 09:00:37 -0600","2023-08-19 08:55:22 -0600","2023-08-19 09:00:36 -0600"
"HKWorkoutActivityTypeWalking","10.206156818072","min","Andres’s Apple Watch","9.6.1","2023-08-20 08:15:22 -0600","2023-08-20 08:05:09 -0600","2023-08-20 08:15:21 -0600"
"HKWorkoutActivityTypeWalking","16.36147812406222","min","Andres’s Apple Watch","9.6.1","2023-08-22 10:54:06 -0600","2023-08-22 10:37:43 -0600","2023-08-22 10:54:05 -0600"
"HKWorkoutActivityTypeWalking","6.688210449616114","min","Andres’s Apple Watch","10.0.1","2023-10-09 17:50:14 -0600","2023-10-09 17:43:31 -0600","2023-10-09 17:50:13 -0600"
"HKWorkoutActivityTypeWalking","21.23239098191261","min","Andres’s Apple Watch","10.0.1","2023-10-19 09:19:22 -0600","2023-10-19 08:58:06 -0600","2023-10-19 09:19:20 -0600"
"HKWorkoutActivityTypeWalking","5.979411349693934","min","Andres’s Apple Watch","10.1","2023-10-29 10:21:27 -0600","2023-10-29 10:15:28 -0600","2023-10-29 10:21:26 -0600"
"HKWorkoutActivityTypeWalking","13.4918696363767","min","Andres’s Apple Watch","10.1","2023-11-12 20:18:34 -0600","2023-11-12 20:05:03 -0600","2023-11-12 20:18:33 -0600"
"HKWorkoutActivityTypeWalking","41.52876885533333","min","Andres’s Apple Watch","10.1","2023-11-13 10:32:37 -0600","2023-11-13 09:51:03 -0600","2023-11-13 10:32:35 -0600"
"HKWorkoutActivityTypeWalking","5.327086132764816","min","Andres’s Apple Watch","10.1.1","2023-11-21 15:07:42 -0600","2023-11-21 15:02:22 -0600","2023-11-21 15:07:41 -0600"
"HKWorkoutActivityTypeRunning","11.44230466683706","min","Andres’s Apple Watch","10.1.1","2023-11-29 18:20:52 -0600","2023-11-29 18:09:24 -0600","2023-11-29 18:20:51 -0600"
"HKWorkoutActivityTypeRunning","1.789062215884527","min","Andres’s Apple Watch","10.1.1","2023-12-01 08:06:10 -0600","2023-12-01 08:04:22 -0600","2023-12-01 08:06:09 -0600"
"HKWorkoutActivityTypeFunctionalStrengthTraining","20.36201510032018","min","Andres’s Apple Watch","10.2","2024-01-06 11:05:02 -0600","2024-01-06 10:44:38 -0600","2024-01-06 11:05:00 -0600"
"HKWorkoutActivityTypeElliptical","13.51339913407961","min","Andres’s Apple Watch","10.2","2024-01-14 13:18:08 -0600","2024-01-14 13:04:36 -0600","2024-01-14 13:18:06 -0600"
"HKWorkoutActivityTypeCycling","17.86158759991328","min","Andres’s Apple Watch","10.3","2024-02-07 10:49:02 -0600","2024-02-07 10:31:08 -0600","2024-02-07 10:49:00 -0600"
"HKWorkoutActivityTypeWalking","17.57763151129087","min","Andres’s Apple Watch","10.3.1","2024-05-07 16:52:34 -0600","2024-05-07 16:34:59 -0600","2024-05-07 16:52:33 -0600"
"HKWorkoutActivityTypeWalking","22.66101165612539","min","Andres’s Apple Watch","10.3.1","2024-05-09 11:30:00 -0600","2024-05-09 11:07:17 -0600","2024-05-09 11:29:56 -0600"
"HKWorkoutActivityTypeWalking","18.76522363424301","min","Andres’s Apple Watch","10.5","2024-06-24 05:39:47 -0600","2024-06-23 22:51:48 -0600","2024-06-23 23:10:34 -0600"
"HKWorkoutActivityTypeWalking","27.43023101886114","min","Andres’s Apple Watch","10.5","2024-06-24 07:35:31 -0600","2024-06-24 07:08:04 -0600","2024-06-24 07:35:29 -0600"
"HKWorkoutActivityTypeWalking","37.57344162662824","min","Andres’s Apple Watch","10.5","2024-06-24 21:21:33 -0600","2024-06-24 20:43:54 -0600","2024-06-24 21:21:28 -0600"
"HKWorkoutActivityTypeWalking","26.88900859355926","min","Andres’s Apple Watch","10.5","2024-06-25 07:38:30 -0600","2024-06-25 07:11:35 -0600","2024-06-25 07:38:29 -0600"
"HKWorkoutActivityTypeWalking","20.00140843788783","min","Andres’s Apple Watch","10.5","2024-06-26 07:44:44 -0600","2024-06-26 07:24:43 -0600","2024-06-26 07:44:43 -0600"
"HKWorkoutActivityTypeWalking","14.18213674227397","min","Andres’s Apple Watch","10.5","2024-06-27 11:09:37 -0600","2024-06-27 10:55:25 -0600","2024-06-27 11:09:36 -0600"
"HKWorkoutActivityTypeWalking","36.92060101230939","min","Andres’s Apple Watch","10.5","2024-07-06 09:22:12 -0600","2024-07-06 08:13:30 -0600","2024-07-06 08:50:25 -0600"
"HKWorkoutActivityTypeWalking","14.94932090640068","min","Andres’s Apple Watch","10.5","2024-07-16 13:22:23 -0600","2024-07-16 13:07:25 -0600","2024-07-16 13:22:22 -0600"
"HKWorkoutActivityTypeWalking","19.16869654456774","min","Andres’s Apple Watch","10.5","2024-07-16 14:39:38 -0600","2024-07-16 14:20:28 -0600","2024-07-16 14:39:38 -0600"
"HKWorkoutActivityTypeWalking","10.78016483783722","min","Andres’s Apple Watch","10.5","2024-07-17 14:10:08 -0600","2024-07-17 13:59:20 -0600","2024-07-17 14:10:07 -0600"
"HKWorkoutActivityTypeWalking","14.46826341350873","min","Andres’s Apple Watch","10.5","2024-09-26 17:38:13 -0600","2024-09-26 17:23:44 -0600","2024-09-26 17:38:12 -0600"
"HKWorkoutActivityTypeWalking","16.77351725101471","min","Andres’s Apple Watch","11.2","2024-12-14 12:01:46 -0600","2024-12-14 11:42:31 -0600","2024-12-14 11:59:17 -0600"
"HKWorkoutActivityTypeCycling","10.68619526624679","min","Andres’s Apple Watch","11.2","2024-12-14 12:13:07 -0600","2024-12-14 12:02:23 -0600","2024-12-14 12:13:04 -0600"
"HKWorkoutActivityTypeWalking","22.50585786700249","min","Andres’s Apple Watch","11.2","2024-12-14 12:49:21 -0600","2024-12-14 12:26:49 -0600","2024-12-14 12:49:19 -0600"
"HKWorkoutActivityTypeCycling","9.322496382395427","min","Andres’s Apple Watch","11.2","2024-12-15 17:11:23 -0600","2024-12-15 17:02:03 -0600","2024-12-15 17:11:22 -0600"
"HKWorkoutActivityTypeWalking","9.284249033530553","min","Andres’s Apple Watch","11.2","2024-12-15 17:20:47 -0600","2024-12-15 17:11:28 -0600","2024-12-15 17:20:45 -0600"
"HKWorkoutActivityTypeWalking","5.163201049963633","min","Andres’s Apple Watch","11.2","2025-01-17 19:48:33 -0600","2025-01-17 19:43:21 -0600","2025-01-17 19:48:31 -0600"
"HKWorkoutActivityTypeWalking","5.675149734814962","min","Andres’s Apple Watch","11.3.1","2025-02-16 17:58:41 -0600","2025-02-16 17:52:59 -0600","2025-02-16 17:58:40 -0600"
"HKWorkoutActivityTypeWalking","57.42951233585676","min","Andres’s Apple Watch","11.3.1","2025-03-18 16:49:09 -0600","2025-03-18 13:10:59 -0600","2025-03-18 16:49:04 -0600"
"HKWorkoutActivityTypeWalking","38.1041302939256","min","Andres’s Apple Watch","11.3.1","2025-03-20 06:32:32 -0600","2025-03-20 05:54:23 -0600","2025-03-20 06:32:29 -0600"
"HKWorkoutActivityTypeWalking","19.35659921169281","min","Andres’s Apple Watch","11.3.1","2025-03-21 17:01:09 -0600","2025-03-21 13:31:53 -0600","2025-03-21 13:51:14 -0600"
"HKWorkoutActivityTypeWalking","36.75732543269793","min","Andres’s Apple Watch","11.4","2025-05-10 11:26:27 -0600","2025-05-09 18:16:47 -0600","2025-05-09 18:53:32 -0600"
"HKWorkoutActivityTypeWalking","21.31842204729716","min","Andres’s Apple Watch","11.5","2025-06-10 14:34:23 -0600","2025-06-10 14:13:03 -0600","2025-06-10 14:34:22 -0600"
"HKWorkoutActivityTypeWalking","21.51252114574114","min","Andres’s Apple Watch","11.5","2025-06-29 09:29:49 -0600","2025-06-29 09:08:17 -0600","2025-06-29 09:29:48 -0600"
"HKWorkoutActivityTypeWalking","50.94549011786778","min","Andres’s Apple Watch","11.5","2025-06-30 00:04:31 -0600","2025-06-29 20:02:13 -0600","2025-06-30 00:04:27 -0600"
"HKWorkoutActivityTypeWalking","18.70291248758634","min","Andres’s Apple Watch","11.5","2025-07-01 09:24:07 -0600","2025-07-01 09:05:24 -0600","2025-07-01 09:24:06 -0600"
"HKWorkoutActivityTypeWalking","21.32885517477989","min","Andres’s Apple Watch","11.5","2025-07-01 14:28:08 -0600","2025-07-01 14:06:47 -0600","2025-07-01 14:28:07 -0600"
"HKWorkoutActivityTypeWalking","35.03660730719567","min","Andres’s Apple Watch","11.5","2025-07-01 16:29:36 -0600","2025-07-01 15:54:31 -0600","2025-07-01 16:29:33 -0600"
"HKWorkoutActivityTypeWalking","21.2451191008091","min","Andres’s Apple Watch","11.5","2025-07-17 19:27:31 -0600","2025-07-17 19:06:07 -0600","2025-07-17 19:27:22 -0600"
"HKWorkoutActivityTypeWalking","83.87540926734606","min","Andres’s Apple Watch","11.5","2025-07-18 19:43:12 -0600","2025-07-18 18:19:14 -0600","2025-07-18 19:43:07 -0600"
"HKWorkoutActivityTypeWalking","57.23417153358459","min","Andres’s Apple Watch","11.5","2025-07-19 17:58:14 -0600","2025-07-19 15:38:01 -0600","2025-07-19 17:58:09 -0600"
"HKWorkoutActivityTypeWalking","21.73454209168752","min","Andres’s Apple Watch","11.6","2025-08-01 12:27:29 -0600","2025-08-01 12:05:38 -0600","2025-08-01 12:27:22 -0600"
"HKWorkoutActivityTypeElliptical","44.353189432621","min","Andres’s Apple Watch","11.6.1","2025-09-11 12:42:39 -0600","2025-09-11 08:41:07 -0600","2025-09-11 09:36:30 -0600"
"HKWorkoutActivityTypeRunning","72.5570756693681","min","Andres’s Apple Watch","11.6.1","2025-09-16 09:55:08 -0600","2025-09-16 08:26:05 -0600","2025-09-16 09:55:02 -0600"
"HKWorkoutActivityTypeRunning","17.6436158935229","min","Andres’s Apple Watch","11.6.1","2025-09-18 08:50:59 -0600","2025-09-18 08:33:18 -0600","2025-09-18 08:50:57 -0600"
"HKWorkoutActivityTypeRunning","21.94703433314959","min","Andres’s Apple Watch","11.6.1","2025-09-21 14:27:47 -0600","2025-09-21 14:05:41 -0600","2025-09-21 14:27:37 -0600"
"HKWorkoutActivityTypeRunning","10.6766261835893","min","Andres’s Apple Watch","11.6.1","2025-09-23 08:45:37 -0600","2025-09-23 08:34:55 -0600","2025-09-23 08:45:35 -0600"
"HKWorkoutActivityTypeCooldown","14.50889536738396","min","Andres’s Apple Watch","11.6.1","2025-09-23 09:32:54 -0600","2025-09-23 09:18:22 -0600","2025-09-23 09:32:52 -0600"
"HKWorkoutActivityTypeRunning","29.09662468234698","min","Andres’s Apple Watch","11.6.1","2025-09-24 05:56:24 -0600","2025-09-24 05:27:15 -0600","2025-09-24 05:56:20 -0600"
"HKWorkoutActivityTypeRowing","6.103785099585851","min","Andres’s Apple Watch","11.6.1","2025-09-26 18:37:43 -0600","2025-09-26 18:31:35 -0600","2025-09-26 18:37:41 -0600"
"HKWorkoutActivityTypeRunning","33.61512488325437","min","Andres’s Apple Watch","11.6.1","2025-09-28 16:58:15 -0600","2025-09-28 16:24:34 -0600","2025-09-28 16:58:11 -0600"
"HKWorkoutActivityTypeRunning","26.95786970059077","min","Andres’s Apple Watch","11.6.1","2025-09-29 06:09:34 -0600","2025-09-29 05:42:33 -0600","2025-09-29 06:09:31 -0600"
"HKWorkoutActivityTypeRunning","16.8597743332386","min","Andres’s Apple Watch","11.6.1","2025-09-30 08:55:14 -0600","2025-09-30 08:38:20 -0600","2025-09-30 08:55:11 -0600"
"HKWorkoutActivityTypeRunning","30.6230150838693","min","Andres’s Apple Watch","11.6.1","2025-10-01 05:53:53 -0600","2025-10-01 05:23:13 -0600","2025-10-01 05:53:50 -0600"
"HKWorkoutActivityTypeRunning","14.41998325188955","min","Andres’s Apple Watch","11.6.1","2025-10-02 08:49:08 -0600","2025-10-02 08:34:40 -0600","2025-10-02 08:49:06 -0600"
"HKWorkoutActivityTypeFunctionalStrengthTraining","10.54241536855698","min","Andres’s Apple Watch","11.6.1","2025-10-02 09:35:48 -0600","2025-10-02 09:25:14 -0600","2025-10-02 09:35:46 -0600"
"HKWorkoutActivityTypeRunning","31.20209571520487","min","Andres’s Apple Watch","11.6.1","2025-10-03 05:55:38 -0600","2025-10-03 05:24:13 -0600","2025-10-03 05:55:25 -0600"
"HKWorkoutActivityTypeRunning","23.69215600291888","min","Andres’s Apple Watch","11.6.1","2025-10-06 05:49:53 -0600","2025-10-06 05:26:09 -0600","2025-10-06 05:49:50 -0600"
"HKWorkoutActivityTypeRunning","23.22306630015373","min","Andres’s Apple Watch","11.6.1","2025-10-07 08:56:30 -0600","2025-10-07 08:33:14 -0600","2025-10-07 08:56:27 -0600"
"HKWorkoutActivityTypeRunning","19.20369649926822","min","Andres’s Apple Watch","11.6.1","2025-10-08 05:43:39 -0600","2025-10-08 05:24:24 -0600","2025-10-08 05:43:36 -0600"
"HKWorkoutActivityTypeWalking","41.39370818336805","min","Andres’s Apple Watch","11.6.1","2025-10-09 08:58:14 -0600","2025-10-09 08:16:47 -0600","2025-10-09 08:58:11 -0600"
"HKWorkoutActivityTypeRunning","29.62118873596192","min","Andres’s Apple Watch","11.6.1","2025-10-12 05:44:46 -0600","2025-10-12 05:15:05 -0600","2025-10-12 05:44:43 -0600"
"HKWorkoutActivityTypeRunning","20.75635473132133","min","Andres’s Apple Watch","11.6.1","2025-10-14 08:51:13 -0600","2025-10-14 08:30:17 -0600","2025-10-14 08:51:03 -0600"
"HKWorkoutActivityTypeRunning","33.30509605010351","min","Andres’s Apple Watch","11.6.1","2025-10-15 05:17:43 -0600","2025-10-15 04:44:21 -0600","2025-10-15 05:17:39 -0600"
"HKWorkoutActivityTypeRunning","7.090044716993968","min","Andres’s Apple Watch","11.6.1","2025-10-16 08:39:27 -0600","2025-10-16 08:32:19 -0600","2025-10-16 08:39:25 -0600"
"HKWorkoutActivityTypeRunning","32.66629160046578","min","Andres’s Apple Watch","11.6.1","2025-10-17 05:55:35 -0600","2025-10-17 05:22:52 -0600","2025-10-17 05:55:32 -0600"
"HKWorkoutActivityTypeTraditionalStrengthTraining","1.377482916911443","min","Strong","8212","2025-10-18 15:30:10 -0600","2025-10-18 15:28:47 -0600","2025-10-18 15:30:10 -0600"
"HKWorkoutActivityTypeRunning","33.07106177806854","min","Andres’s Apple Watch","11.6.1","2025-10-20 05:54:19 -0600","2025-10-20 05:21:11 -0600","2025-10-20 05:54:16 -0600"
"HKWorkoutActivityTypeRunning","33.15613891681036","min","Andres’s Apple Watch","11.6.1","2025-10-22 05:54:59 -0600","2025-10-22 05:21:40 -0600","2025-10-22 05:54:49 -0600"
"HKWorkoutActivityTypeRunning","4.658978778123855","min","Andres’s Apple Watch","11.6.1","2025-10-23 08:40:31 -0600","2025-10-23 08:35:50 -0600","2025-10-23 08:40:30 -0600"
"HKWorkoutActivityTypeTraditionalStrengthTraining","1","min","FitnessView","374","2025-10-23 19:25:52 -0600","2025-10-23 19:24:00 -0600","2025-10-23 19:25:00 -0600"
"HKWorkoutActivityTypeCooldown","1.620894799629847","min","Andres’s Apple Watch","11.6.1","2025-10-23 20:12:32 -0600","2025-10-23 20:10:54 -0600","2025-10-23 20:12:31 -0600"
"HKWorkoutActivityTypeCoreTraining","4.936309532324473","min","Andres’s Apple Watch","11.6.1","2025-10-23 20:18:07 -0600","2025-10-23 20:13:09 -0600","2025-10-23 20:18:06 -0600"
"HKWorkoutActivityTypeRunning","34.1767055173715","min","Andres’s Apple Watch","11.6.1","2025-10-24 05:51:23 -0600","2025-10-24 05:17:09 -0600","2025-10-24 05:51:19 -0600"
"HKWorkoutActivityTypeRunning","44.84789535005887","min","Andres’s Apple Watch","11.6.1","2025-10-27 05:45:18 -0600","2025-10-27 05:00:23 -0600","2025-10-27 05:45:14 -0600"
"HKWorkoutActivityTypeWalking","22.15202107628187","min","Andres’s Apple Watch","11.6.1","2025-10-30 08:54:48 -0600","2025-10-30 08:32:37 -0600","2025-10-30 08:54:46 -0600"
"HKWorkoutActivityTypeFunctionalStrengthTraining","46.39749034841855","min","Andres’s Apple Watch","11.6.1","2025-10-30 09:41:25 -0600","2025-10-30 08:54:58 -0600","2025-10-30 09:41:22 -0600"
"HKWorkoutActivityTypeRunning","43.31953306794166","min","Andres’s Apple Watch","11.6.1","2025-10-31 05:54:23 -0600","2025-10-31 05:10:54 -0600","2025-10-31 05:54:13 -0600"
"HKWorkoutActivityTypeRunning","40.48770050009092","min","Andres’s Apple Watch","11.6.1","2025-11-02 06:54:18 -0600","2025-11-02 06:13:45 -0600","2025-11-02 06:54:14 -0600"
"HKWorkoutActivityTypeRunning","38.08977976640065","min","Andres’s Apple Watch","11.6.1","2025-11-04 06:07:54 -0600","2025-11-04 05:29:45 -0600","2025-11-04 06:07:50 -0600"
"HKWorkoutActivityTypeRunning","3.393660666545232","min","Andres’s Apple Watch","11.6.1","2025-11-04 09:41:22 -0600","2025-11-04 09:37:57 -0600","2025-11-04 09:41:20 -0600"
"HKWorkoutActivityTypeFunctionalStrengthTraining","79.84476898511251","min","Andres’s Apple Watch","11.6.1","2025-11-04 11:06:05 -0600","2025-11-04 09:46:09 -0600","2025-11-04 11:06:00 -0600"
"HKWorkoutActivityTypeRunning","39.19558903376262","min","Andres’s Apple Watch","11.6.1","2025-11-05 17:24:15 -0600","2025-11-05 16:44:59 -0600","2025-11-05 17:24:10 -0600"
"HKWorkoutActivityTypeRunning","8.778105249007544","min","Andres’s Apple Watch","11.6.1","2025-11-06 09:50:31 -0600","2025-11-06 09:41:43 -0600","2025-11-06 09:50:29 -0600"
"HKWorkoutActivityTypeRunning","44.58052826523781","min","Andres’s Apple Watch","11.6.1","2025-11-07 06:00:36 -0600","2025-11-07 05:15:57 -0600","2025-11-07 06:00:32 -0600"
"HKWorkoutActivityTypeRunning","38.35528249740601","min","Andres’s Apple Watch","11.6.1","2025-11-09 15:06:16 -0600","2025-11-09 14:27:38 -0600","2025-11-09 15:05:59 -0600"
"HKWorkoutActivityTypeRunning","43.71485536694527","min","Andres’s Apple Watch","11.6.1","2025-11-11 06:16:47 -0600","2025-11-11 05:33:00 -0600","2025-11-11 06:16:43 -0600"
"HKWorkoutActivityTypeRunning","6.26889844139417","min","Andres’s Apple Watch","11.6.1","2025-11-11 09:44:00 -0600","2025-11-11 09:37:43 -0600","2025-11-11 09:43:59 -0600"
"HKWorkoutActivityTypeRowing","12.5634052336216","min","Andres’s Apple Watch","11.6.1","2025-11-12 06:03:55 -0600","2025-11-12 05:51:20 -0600","2025-11-12 06:03:53 -0600"
"HKWorkoutActivityTypeRunning","17.88444079955419","min","Andres’s Apple Watch","11.6.1","2025-11-12 06:21:59 -0600","2025-11-12 06:04:03 -0600","2025-11-12 06:21:56 -0600"
"HKWorkoutActivityTypeCoreTraining","45.26172183354696","min","Andres’s Apple Watch","11.6.1","2025-11-12 20:05:26 -0600","2025-11-12 19:20:08 -0600","2025-11-12 20:05:24 -0600"
"HKWorkoutActivityTypeRunning","46.33152079979579","min","Andres’s Apple Watch","11.6.1","2025-11-13 06:25:12 -0600","2025-11-13 05:38:48 -0600","2025-11-13 06:25:08 -0600"
"HKWorkoutActivityTypeRunning","9.379263617595036","min","Andres’s Apple Watch","11.6.1","2025-11-13 09:46:05 -0600","2025-11-13 09:36:41 -0600","2025-11-13 09:46:03 -0600"
"HKWorkoutActivityTypeFunctionalStrengthTraining","41.34607621630033","min","Andres’s Apple Watch","11.6.1","2025-11-13 10:27:39 -0600","2025-11-13 09:46:15 -0600","2025-11-13 10:27:36 -0600"
"HKWorkoutActivityTypeCoreTraining","0.4118322471777598","min","Andres’s Apple Watch","11.6.1","2025-11-14 05:00:13 -0600","2025-11-13 20:53:53 -0600","2025-11-13 20:54:18 -0600"
"HKWorkoutActivityTypeWalking","45.95391221642494","min","Andres’s Apple Watch","11.6.1","2025-11-14 06:03:39 -0600","2025-11-14 05:17:38 -0600","2025-11-14 06:03:36 -0600"
"HKWorkoutActivityTypeCycling","13.70236071745555","min","Andres’s Apple Watch","11.6.1","2025-11-14 06:17:32 -0600","2025-11-14 06:03:48 -0600","2025-11-14 06:17:30 -0600"
"HKWorkoutActivityTypeFunctionalStrengthTraining","21.75233635107676","min","Andres’s Apple Watch","11.6.1","2025-11-14 20:36:53 -0600","2025-11-14 20:15:07 -0600","2025-11-14 20:36:52 -0600"
"HKWorkoutActivityTypeRunning","53.26912391781807","min","Andres’s Apple Watch","11.6.1","2025-11-15 07:07:57 -0600","2025-11-15 06:14:36 -0600","2025-11-15 07:07:53 -0600"
"HKWorkoutActivityTypeFunctionalStrengthTraining","3.117341750860214","min","Andres’s Apple Watch","11.6.1","2025-11-15 19:06:49 -0600","2025-11-15 19:03:41 -0600","2025-11-15 19:06:48 -0600"
"HKWorkoutActivityTypeWalking","72.73934341669083","min","Andres’s Apple Watch","11.6.1","2025-11-16 07:36:11 -0600","2025-11-16 06:23:21 -0600","2025-11-16 07:36:05 -0600"
"HKWorkoutActivityTypeRunning","51.26935154994329","min","Andres’s Apple Watch","11.6.1","2025-11-17 06:13:07 -0600","2025-11-17 05:21:46 -0600","2025-11-17 06:13:02 -0600"
"HKWorkoutActivityTypeRunning","1.23220809896787","min","Andres’s Apple Watch","11.6.1","2025-11-17 14:59:30 -0600","2025-11-17 14:58:15 -0600","2025-11-17 14:59:29 -0600"
"HKWorkoutActivityTypeWalking","4.845459834734599","min","Andres’s Apple Watch","11.6.1","2025-11-17 18:52:54 -0600","2025-11-17 18:48:02 -0600","2025-11-17 18:52:52 -0600"
"HKWorkoutActivityTypeWalking","70.86334083278975","min","Andres’s Apple Watch","11.6.1","2025-11-18 06:22:33 -0600","2025-11-18 05:11:35 -0600","2025-11-18 06:22:27 -0600"
"HKWorkoutActivityTypeWalking","7.756220799684525","min","Andres’s Apple Watch","11.6.1","2025-11-18 09:51:17 -0600","2025-11-18 09:43:30 -0600","2025-11-18 09:51:15 -0600"
"HKWorkoutActivityTypeFunctionalStrengthTraining","44.12050783236821","min","Andres’s Apple Watch","11.6.1","2025-11-18 10:35:45 -0600","2025-11-18 09:51:34 -0600","2025-11-18 10:35:42 -0600"
"HKWorkoutActivityTypeRunning","43.01797255078952","min","Andres’s Apple Watch","11.6.1","2025-11-19 06:03:03 -0600","2025-11-19 05:19:57 -0600","2025-11-19 06:02:59 -0600"
"HKWorkoutActivityTypeTraditionalStrengthTraining","5.789934066931407","min","Andres’s Apple Watch","11.6.1","2025-11-19 06:10:10 -0600","2025-11-19 06:04:20 -0600","2025-11-19 06:10:08 -0600"
"HKWorkoutActivityTypeTraditionalStrengthTraining","32.66172158320745","min","Andres’s Apple Watch","11.6.1","2025-11-19 06:53:26 -0600","2025-11-19 06:20:43 -0600","2025-11-19 06:53:23 -0600"
"HKWorkoutActivityTypeOther","1.227575318018595","min","Technogym","2901","2025-11-19 06:54:41 -0600","2025-11-19 06:53:27 -0600","2025-11-19 06:54:40 -0600"
"HKWorkoutActivityTypeWalking","33.83195645014445","min","Andres’s Apple Watch","11.6.1","2025-11-20 05:50:07 -0600","2025-11-20 05:16:13 -0600","2025-11-20 05:50:03 -0600"
"HKWorkoutActivityTypeTraditionalStrengthTraining","33.05353068312009","min","Andres’s Apple Watch","11.6.1","2025-11-20 06:23:30 -0600","2025-11-20 05:50:24 -0600","2025-11-20 06:23:27 -0600"
"HKWorkoutActivityTypeWalking","14.94585904876391","min","Andres’s Apple Watch","11.6.1","2025-11-20 06:38:35 -0600","2025-11-20 06:23:36 -0600","2025-11-20 06:38:32 -0600"
"HKWorkoutActivityTypeTraditionalStrengthTraining","25.94487778345744","min","Andres’s Apple Watch","11.6.1","2025-11-20 10:43:07 -0600","2025-11-20 10:13:59 -0600","2025-11-20 10:43:05 -0600"
"HKWorkoutActivityTypeRunning","51.45559311707814","min","Andres’s Apple Watch","11.6.1","2025-11-21 06:01:21 -0600","2025-11-21 05:09:48 -0600","2025-11-21 06:01:15 -0600"
"HKWorkoutActivityTypeTraditionalStrengthTraining","21.70889609853426","min","Andres’s Apple Watch","11.6.1","2025-11-21 06:34:44 -0600","2025-11-21 06:13:00 -0600","2025-11-21 06:34:42 -0600"
"HKWorkoutActivityTypeWalking","53.95316021641096","min","Andres’s Apple Watch","11.6.1","2025-11-22 07:01:45 -0600","2025-11-22 06:07:43 -0600","2025-11-22 07:01:40 -0600"
"HKWorkoutActivityTypeFunctionalStrengthTraining","8.225818715492885","min","Andres’s Apple Watch","11.6.1","2025-11-22 21:17:43 -0600","2025-11-22 21:09:28 -0600","2025-11-22 21:17:41 -0600"
"HKWorkoutActivityTypeWalking","21.51710866491","min","Andres’s Apple Watch","11.6.1","2025-11-23 06:32:14 -0600","2025-11-23 06:10:41 -0600","2025-11-23 06:32:12 -0600"
"HKWorkoutActivityTypeCycling","18.24035908381144","min","Andres’s Apple Watch","11.6.1","2025-11-23 06:51:46 -0600","2025-11-23 06:33:30 -0600","2025-11-23 06:51:44 -0600"
"HKWorkoutActivityTypeTraditionalStrengthTraining","8.608322316408158","min","Andres’s Apple Watch","11.6.1","2025-11-23 07:00:35 -0600","2025-11-23 06:51:57 -0600","2025-11-23 07:00:33 -0600"
"HKWorkoutActivityTypeTraditionalStrengthTraining","3.799854381879171","min","Train","2","2025-11-23 07:04:25 -0600","2025-11-23 07:00:36 -0600","2025-11-23 07:04:24 -0600"
"HKWorkoutActivityTypeRunning","49.66487480004628","min","Andres’s Apple Watch","11.6.1","2025-11-25 06:06:36 -0600","2025-11-25 05:16:51 -0600","2025-11-25 06:06:31 -0600"
"HKWorkoutActivityTypeTraditionalStrengthTraining","22.88436516523361","min","Train","2","2025-11-25 06:32:23 -0600","2025-11-25 06:09:23 -0600","2025-11-25 06:32:16 -0600"
"HKWorkoutActivityTypeTraditionalStrengthTraining","4.23278915087382","min","Andres’s Apple Watch","11.6.1","2025-11-25 06:32:23 -0600","2025-11-25 06:28:07 -0600","2025-11-25 06:32:21 -0600"
"HKWorkoutActivityTypeTraditionalStrengthTraining","40","min","Train","2","2025-11-25 07:28:10 -0600","2025-11-25 06:05:00 -0600","2025-11-25 06:45:00 -0600"
"HKWorkoutActivityTypeTraditionalStrengthTraining","9.962584783633551","min","Andres’s Apple Watch","11.6.1","2025-11-25 06:51:30 -0600","2025-11-25 06:41:31 -0600","2025-11-25 06:51:29 -0600"
"HKWorkoutActivityTypeRunning","45.61067196726799","min","Andres’s Apple Watch","11.6.1","2025-11-26 06:08:15 -0600","2025-11-26 05:22:33 -0600","2025-11-26 06:08:10 -0600"
"HKWorkoutActivityTypeTraditionalStrengthTraining","17.62339116732279","min","Andres’s Apple Watch","11.6.1","2025-11-26 06:33:00 -0600","2025-11-26 06:15:21 -0600","2025-11-26 06:32:58 -0600"
"HKWorkoutActivityTypeRunning","7.724885851144791","min","Andres’s Apple Watch","11.6.1","2025-11-27 06:19:29 -0600","2025-11-27 06:11:44 -0600","2025-11-27 06:19:27 -0600"
"HKWorkoutActivityTypeRunning","37.64228548407554","min","Andres’s Apple Watch","11.6.1","2025-11-28 15:39:29 -0600","2025-11-28 15:01:46 -0600","2025-11-28 15:39:25 -0600"
"HKWorkoutActivityTypeRunning","55.44327565034231","min","Andres’s Apple Watch","11.6.1","2025-12-01 06:26:26 -0600","2025-12-01 05:30:53 -0600","2025-12-01 06:26:20 -0600"
"HKWorkoutActivityTypeRunning","20.6972943842411","min","Andres’s Apple Watch","11.6.1","2025-12-02 06:10:51 -0600","2025-12-02 05:50:06 -0600","2025-12-02 06:10:48 -0600"
"HKWorkoutActivityTypeRunning","65.52281471689543","min","Andres’s Apple Watch","11.6.1","2025-12-03 06:18:55 -0600","2025-12-03 05:13:18 -0600","2025-12-03 06:18:49 -0600"
"HKWorkoutActivityTypeTraditionalStrengthTraining","13.86606058279673","min","Andres’s Apple Watch","11.6.1","2025-12-03 06:36:44 -0600","2025-12-03 06:22:51 -0600","2025-12-03 06:36:43 -0600"
"HKWorkoutActivityTypeStairClimbing","46.64345464905103","min","Andres’s Apple Watch","11.6.1","2025-12-04 06:16:41 -0600","2025-12-04 05:29:59 -0600","2025-12-04 06:16:37 -0600"
"HKWorkoutActivityTypeTraditionalStrengthTraining","2.01499896645546","min","Andres’s Apple Watch","11.6.1","2025-12-04 06:25:56 -0600","2025-12-04 06:23:54 -0600","2025-12-04 06:25:55 -0600"
"HKWorkoutActivityTypeTraditionalStrengthTraining","9.263629104693731","min","Train","2","2025-12-04 06:25:57 -0600","2025-12-04 06:16:40 -0600","2025-12-04 06:25:56 -0600"
"HKWorkoutActivityTypeTraditionalStrengthTraining","22.61911268234253","min","Train","2","2025-12-04 06:48:38 -0600","2025-12-04 06:25:58 -0600","2025-12-04 06:48:35 -0600"
"HKWorkoutActivityTypeRunning","56.34527300000191","min","Andres’s Apple Watch","11.6.1","2025-12-05 06:27:16 -0600","2025-12-05 05:30:50 -0600","2025-12-05 06:27:10 -0600"
"HKWorkoutActivityTypeTraditionalStrengthTraining","10.93111773530642","min","Train","2","2025-12-05 06:46:57 -0600","2025-12-05 06:35:54 -0600","2025-12-05 06:46:50 -0600"
"HKWorkoutActivityTypeTraditionalStrengthTraining","9.210389049847921","min","Andres’s Apple Watch","11.6.1","2025-12-05 06:58:03 -0600","2025-12-05 06:48:49 -0600","2025-12-05 06:58:01 -0600"
"HKWorkoutActivityTypeRunning","46.91943150162697","min","Andres’s Apple Watch","11.6.1","2025-12-06 16:20:32 -0600","2025-12-06 15:33:32 -0600","2025-12-06 16:20:27 -0600"
"HKWorkoutActivityTypeTraditionalStrengthTraining","2016.766206308206","min","Train","2","2025-12-06 16:27:52 -0600","2025-12-05 06:46:59 -0600","2025-12-06 16:23:45 -0600"
"HKWorkoutActivityTypeWalking","47.20649229884148","min","Andres’s Apple Watch","11.6.1","2025-12-15 06:49:13 -0600","2025-12-15 06:01:57 -0600","2025-12-15 06:49:09 -0600"
"HKWorkoutActivityTypeWalking","45.55601614912351","min","Andres’s Apple Watch","11.6.1","2025-12-16 06:08:23 -0600","2025-12-16 05:22:41 -0600","2025-12-16 06:08:14 -0600"
"HKWorkoutActivityTypeWalking","42.27229305704434","min","Andres’s Apple Watch","11.6.1","2025-12-16 06:50:34 -0600","2025-12-16 06:08:16 -0600","2025-12-16 06:50:32 -0600"
"HKWorkoutActivityTypeWalking","29.14090226689974","min","Andres’s Apple Watch","11.6.1","2025-12-17 05:52:48 -0600","2025-12-17 05:23:37 -0600","2025-12-17 05:52:46 -0600"
"HKWorkoutActivityTypeRunning","18.40350289940834","min","Andres’s Apple Watch","11.6.1","2025-12-17 06:11:19 -0600","2025-12-17 05:52:52 -0600","2025-12-17 06:11:16 -0600"
"HKWorkoutActivityTypeTraditionalStrengthTraining","16.76126329898834","min","Andres’s Apple Watch","11.6.1","2025-12-17 06:28:10 -0600","2025-12-17 06:11:23 -0600","2025-12-17 06:28:09 -0600"
"HKWorkoutActivityTypeOther","4.518776299556096","min","Technogym","2957","2025-12-17 06:37:59 -0600","2025-12-17 06:28:11 -0600","2025-12-17 06:37:59 -0600"
"HKWorkoutActivityTypeRunning","54.22233414848645","min","Andres’s Apple Watch","11.6.1","2025-12-18 06:32:13 -0600","2025-12-18 05:37:55 -0600","2025-12-18 06:32:08 -0600"
"HKWorkoutActivityTypeRunning","50.29432016611099","min","Andres’s Apple Watch","11.6.1","2025-12-20 15:19:08 -0600","2025-12-20 14:28:45 -0600","2025-12-20 15:19:03 -0600"
"HKWorkoutActivityTypeFunctionalStrengthTraining","8.946978133916854","min","Andres’s Apple Watch","11.6.1","2025-12-20 15:28:12 -0600","2025-12-20 15:19:14 -0600","2025-12-20 15:28:10 -0600"
"HKWorkoutActivityTypeRunning","29.33051518201828","min","Andres’s Apple Watch","11.6.1","2025-12-21 16:38:57 -0600","2025-12-21 16:09:33 -0600","2025-12-21 16:38:53 -0600"
"HKWorkoutActivityTypeFunctionalStrengthTraining","6.342349501450856","min","Andres’s Apple Watch","11.6.1","2025-12-21 16:45:27 -0600","2025-12-21 16:39:05 -0600","2025-12-21 16:45:26 -0600"
"HKWorkoutActivityTypeRunning","61.91729291677475","min","Andres’s Apple Watch","11.6.1","2025-12-23 06:19:30 -0600","2025-12-23 05:17:30 -0600","2025-12-23 06:19:25 -0600"
"HKWorkoutActivityTypeFunctionalStrengthTraining","5.079857983191808","min","Andres’s Apple Watch","11.6.1","2025-12-23 06:27:06 -0600","2025-12-23 06:22:00 -0600","2025-12-23 06:27:05 -0600"
"HKWorkoutActivityTypeRunning","17.1383142332236","min","Andres’s Apple Watch","11.6.1","2025-12-24 14:23:22 -0600","2025-12-24 14:06:08 -0600","2025-12-24 14:23:16 -0600"
"HKWorkoutActivityTypeRunning","55.1534038345019","min","Andres’s Apple Watch","11.6.1","2025-12-25 15:23:03 -0600","2025-12-25 14:27:45 -0600","2025-12-25 15:22:54 -0600"
"HKWorkoutActivityTypeTraditionalStrengthTraining","12.22930649916331","min","Andres’s Apple Watch","11.6.1","2025-12-26 15:50:58 -0600","2025-12-26 15:38:43 -0600","2025-12-26 15:50:56 -0600"
"HKWorkoutActivityTypeRunning","12.90892674922943","min","Andres’s Apple Watch","11.6.1","2025-12-26 16:04:04 -0600","2025-12-26 15:51:08 -0600","2025-12-26 16:04:02 -0600"
"HKWorkoutActivityTypeRunning","52.4683949013551","min","Andres’s Apple Watch","11.6.1","2025-12-27 16:34:25 -0600","2025-12-27 15:41:52 -0600","2025-12-27 16:34:20 -0600"
"HKWorkoutActivityTypeFunctionalStrengthTraining","9.069296900431315","min","Andres’s Apple Watch","11.6.1","2025-12-27 16:43:36 -0600","2025-12-27 16:34:31 -0600","2025-12-27 16:43:35 -0600"
"HKWorkoutActivityTypeRunning","77.28984131614367","min","Andres’s Apple Watch","11.6.1","2025-12-29 17:26:00 -0600","2025-12-29 16:08:35 -0600","2025-12-29 17:25:52 -0600"
"HKWorkoutActivityTypeWalking","21.70806921720505","min","Andres’s Apple Watch","11.6.1","2025-12-30 06:11:58 -0600","2025-12-30 05:50:14 -0600","2025-12-30 06:11:56 -0600"
"HKWorkoutActivityTypeTraditionalStrengthTraining","4.205577331781387","min","Andres’s Apple Watch","11.6.1","2025-12-30 06:17:07 -0600","2025-12-30 06:12:54 -0600","2025-12-30 06:17:06 -0600"
"HKWorkoutActivityTypeTraditionalStrengthTraining","27.28217771649361","min","Andres’s Apple Watch","11.6.1","2025-12-30 06:47:17 -0600","2025-12-30 06:19:57 -0600","2025-12-30 06:47:14 -0600"
"HKWorkoutActivityTypeWalking","19.87068433364232","min","Andres’s Apple Watch","11.6.1","2025-12-31 06:04:12 -0600","2025-12-31 05:44:17 -0600","2025-12-31 06:04:09 -0600"
"HKWorkoutActivityTypeTraditionalStrengthTraining","4.969296248753865","min","Andres’s Apple Watch","11.6.1","2025-12-31 06:09:15 -0600","2025-12-31 06:04:16 -0600","2025-12-31 06:09:14 -0600"
"HKWorkoutActivityTypeTraditionalStrengthTraining","28.56664086778959","min","Andres’s Apple Watch","11.6.1","2025-12-31 06:41:08 -0600","2025-12-31 06:12:31 -0600","2025-12-31 06:41:05 -0600"
"HKWorkoutActivityTypeWalking","24.19744511842728","min","Andres’s Apple Watch","11.6.1","2026-01-01 16:10:39 -0600","2026-01-01 15:46:19 -0600","2026-01-01 16:10:31 -0600"
"HKWorkoutActivityTypeRunning","31.11725901563962","min","Andres’s Apple Watch","11.6.1","2026-01-02 06:11:00 -0600","2026-01-02 05:39:50 -0600","2026-01-02 06:10:57 -0600"
"HKWorkoutActivityTypeOther","0.2876403351624807","min","Technogym","2957","2026-01-02 06:11:20 -0600","2026-01-02 06:11:02 -0600","2026-01-02 06:11:19 -0600"
"HKWorkoutActivityTypeCycling","13.48142644961675","min","Andres’s Apple Watch","11.6.1","2026-01-02 06:25:15 -0600","2026-01-02 06:11:44 -0600","2026-01-02 06:25:12 -0600"
"HKWorkoutActivityTypeTraditionalStrengthTraining","29.91494798262914","min","Andres’s Apple Watch","11.6.1","2026-01-02 06:55:20 -0600","2026-01-02 06:25:22 -0600","2026-01-02 06:55:17 -0600"
"HKWorkoutActivityTypeOther","0.38883030017217","min","Technogym","2957","2026-01-02 07:11:07 -0600","2026-01-02 07:10:21 -0600","2026-01-02 07:11:07 -0600"
"HKWorkoutActivityTypeCoreTraining","14.45748009880384","min","Andres’s Apple Watch","11.6.1","2026-01-02 20:39:51 -0600","2026-01-02 20:25:22 -0600","2026-01-02 20:39:49 -0600"
"HKWorkoutActivityTypeRunning","31.79020923376083","min","Andres’s Apple Watch","11.6.1","2026-01-03 07:14:04 -0600","2026-01-03 06:42:12 -0600","2026-01-03 07:14:00 -0600"
"HKWorkoutActivityTypeCycling","16.81436028281848","min","Andres’s Apple Watch","11.6.1","2026-01-03 07:30:58 -0600","2026-01-03 07:14:06 -0600","2026-01-03 07:30:55 -0600"
"HKWorkoutActivityTypeTraditionalStrengthTraining","9.457623966534932","min","Andres’s Apple Watch","11.6.1","2026-01-03 08:10:00 -0600","2026-01-03 08:00:31 -0600","2026-01-03 08:09:58 -0600"
"HKWorkoutActivityTypeCooldown","9.181165150801341","min","Andres’s Apple Watch","11.6.1","2026-01-03 08:19:23 -0600","2026-01-03 08:10:11 -0600","2026-01-03 08:19:21 -0600"
